,ticket_id,UID,currency,sales,quantity,ticket_date
0,202308210982951,c8d07ae8-c8a3-5f51-ab0f-a31f9e5a678ac8d07ae8-c8a3-5f51-ab0f-a31f9e5a678a,USD,363.88,4,2023-08-21
1,202308210071904,c8d07ae8-c8a3-5f51-ab0f-a31f9e5a678af0a2dfed-0632-5e1c-a70a-c0e4ce541100,USD,454.85,5,2023-08-21
2,202308210274325,8f3506cd-61e9-5f1d-8874-4092c1254a778f3506cd-61e9-5f1d-8874-4092c1254a77,USD,875.0,5,2023-08-21
3,202308210407620,d7a20061-8453-5da3-9a2e-1f4b92d4bbaed7a20061-8453-5da3-9a2e-1f4b92d4bbae,USD,160.0,1,2023-08-21
4,202308210470862,afcfa268-70e8-55a9-8be5-f38fbf1fe2b5afcfa268-70e8-55a9-8be5-f38fbf1fe2b5,USD,700.0,5,2023-08-21
5,202308210445953,2754c187-81c9-5aa1-9f2e-9e68d3864e8112040468-5bad-5ed3-99ce-b2245425c4b2,USD,280.0,2,2023-08-21
6,202308210350287,f1326c52-8847-5d65-9a19-a8bd21346241f1326c52-8847-5d65-9a19-a8bd21346241,USD,300.0,2,2023-08-21
7,202308210592534,202d0acc-fa73-554b-a67b-0196bb0feb77202d0acc-fa73-554b-a67b-0196bb0feb77,USD,800.0,5,2023-08-21
8,202308210107178,202d0acc-fa73-554b-a67b-0196bb0feb771adfc052-5bbe-59cd-b274-e3277abdd744,USD,320.0,2,2023-08-21
9,202308210260771,202d0acc-fa73-554b-a67b-0196bb0feb77a5b5ffdd-73e0-5d3d-b1e5-34f216928bdb,USD,800.0,5,2023-08-21
10,202308210280903,202d0acc-fa73-554b-a67b-0196bb0feb774c15156a-3978-573b-a013-828e03550a17,USD,640.0,4,2023-08-21
11,202308210781900,202d0acc-fa73-554b-a67b-0196bb0feb77bbcf7138-5330-50e6-a794-355ba7438a7b,USD,480.0,3,2023-08-21
12,202308210622685,202d0acc-fa73-554b-a67b-0196bb0feb772c24d5da-ac9e-5622-99bc-0f8b88b050b8,USD,320.0,2,2023-08-21
13,202308210975179,bc19cc33-507d-536a-8e55-641d46eadbee8cbbcd41-6133-5532-b035-f03520e18bc7,USD,640.0,4,2023-08-21
14,202308210795613,bc19cc33-507d-536a-8e55-641d46eadbee98488f65-bb6c-5c5e-af8c-73fead999871,USD,640.0,4,2023-08-21
15,202308210806841,bc19cc33-507d-536a-8e55-641d46eadbeec201c60e-cb8a-5eba-a210-a38ad0cfd561,USD,160.0,1,2023-08-21
16,202308210191906,bc19cc33-507d-536a-8e55-641d46eadbeeae494104-c81a-50f6-ac9b-32bb485f4e8e,USD,640.0,4,2023-08-21
17,202308210099833,8c48735a-c504-57b0-bede-44dfcece99e743df8964-3573-573f-bb5f-60216edd65a3,USD,520.0,4,2023-08-21
18,202308210851264,8c48735a-c504-57b0-bede-44dfcece99e77e25bbe3-7ae6-5570-85e1-5ddd3672a0dc,USD,650.0,5,2023-08-21
19,202308210589832,8c48735a-c504-57b0-bede-44dfcece99e7ea219266-adcb-5e79-9293-9d96782c4756,USD,130.0,1,2023-08-21
20,202308210925936,8c48735a-c504-57b0-bede-44dfcece99e7a5ec2d7c-85dd-546e-940b-380183386488,USD,260.0,2,2023-08-21
21,202308210365888,8c48735a-c504-57b0-bede-44dfcece99e75c145d08-b96a-5f92-bf12-96cd0592b530,USD,520.0,4,2023-08-21
22,202308210613363,8c48735a-c504-57b0-bede-44dfcece99e7a5af0d29-a87e-52d8-8fe3-7544d2e0962e,USD,520.0,4,2023-08-21
23,202308210951760,8c48735a-c504-57b0-bede-44dfcece99e75a2e67f0-39d2-595c-8e52-a2835ed2a7d8,USD,390.0,3,2023-08-21
24,202308210140490,8c48735a-c504-57b0-bede-44dfcece99e73b07ef9b-625b-52c0-8188-813c9504487e,USD,390.0,3,2023-08-21
25,202308210752688,c61bcbaa-2717-56c1-9a55-a9fc8924cdadc93d751e-f011-52a9-9739-660a7b2b5ebd,USD,130.0,1,2023-08-21
26,202308210571478,c61bcbaa-2717-56c1-9a55-a9fc8924cdad54784725-3a34-597f-a409-9fa2f751a1ca,USD,390.0,3,2023-08-21
27,202308210829337,c61bcbaa-2717-56c1-9a55-a9fc8924cdad29d262d1-7632-5bad-95f4-1c208c59357a,USD,520.0,4,2023-08-21
28,202308210430385,c61bcbaa-2717-56c1-9a55-a9fc8924cdad2dee3c7e-d849-54ee-ac01-42f5a228b66f,USD,390.0,3,2023-08-21
29,202308210446119,c61bcbaa-2717-56c1-9a55-a9fc8924cdad5fa06669-e2d5-52cb-b5e2-9103cc001720,USD,130.0,1,2023-08-21
30,202308210329018,c61bcbaa-2717-56c1-9a55-a9fc8924cdad0de2ebdf-1ab5-5dcc-a23e-fb7621038d03,USD,260.0,2,2023-08-21
31,202308210115748,15c49f00-eaf0-5862-83df-20d48f4dfd2515c49f00-eaf0-5862-83df-20d48f4dfd25,USD,720.0,4,2023-08-21
32,202308210365227,15c49f00-eaf0-5862-83df-20d48f4dfd25b67a48b6-59d9-5af2-ba2b-683dbb3992e7,USD,180.0,1,2023-08-21
33,202308210829283,aaf169ae-a9fc-5eb3-9e73-79550529e2f8aaf169ae-a9fc-5eb3-9e73-79550529e2f8,USD,180.0,1,2023-08-21
34,202308210996888,aaf169ae-a9fc-5eb3-9e73-79550529e2f873cd9808-a0c1-5775-a4c3-3df1b59d0afa,USD,180.0,1,2023-08-21
35,202308210477489,aaf169ae-a9fc-5eb3-9e73-79550529e2f8cc0b80d2-dc65-5d9a-bd1b-b93c9ab9b69d,USD,540.0,3,2023-08-21
36,202308210783684,aaf169ae-a9fc-5eb3-9e73-79550529e2f83fa91425-d3f6-5dd8-b46e-7f419793f7c7,USD,360.0,2,2023-08-21
37,202308210051696,aaf169ae-a9fc-5eb3-9e73-79550529e2f84c2451e2-05e1-5e97-8197-91fc1c800639,USD,540.0,3,2023-08-21
38,202308210131825,3501516e-8a71-58c3-99f3-bb40ad51f12c3501516e-8a71-58c3-99f3-bb40ad51f12c,USD,420.0,3,2023-08-21
39,202308210294178,3501516e-8a71-58c3-99f3-bb40ad51f12c3a3d336f-7053-5c46-a5f9-4718bf356a72,USD,560.0,4,2023-08-21
40,202308210975355,71661aca-f072-56e0-a809-ebf4008d9d1d71661aca-f072-56e0-a809-ebf4008d9d1d,USD,525.0,5,2023-08-21
41,202308210298204,71661aca-f072-56e0-a809-ebf4008d9d1d8938757d-db8e-5cde-8ddd-4de277e33bde,USD,210.0,2,2023-08-21
42,202308210788305,71661aca-f072-56e0-a809-ebf4008d9d1db899a39a-5da7-5f3a-8fbe-b852091847bd,USD,420.0,4,2023-08-21
43,202308210036158,1fb27f91-a3d2-5bf7-97bb-0c246875d6a01c6b97ed-5472-573f-a110-6b4263f35624,USD,220.0,2,2023-08-21
44,202308210160044,1fb27f91-a3d2-5bf7-97bb-0c246875d6a013837bdf-6de9-55fc-94ea-0a72fec9a74a,USD,220.0,2,2023-08-21
45,202308210542776,df3d1c87-1469-5aab-a3a0-d67b124b628adf3d1c87-1469-5aab-a3a0-d67b124b628a,USD,550.0,5,2023-08-21
46,202308210571099,3bdce947-8063-5c05-b629-2e935c59c3ed3bdce947-8063-5c05-b629-2e935c59c3ed,USD,750.0,3,2023-08-21
47,202308210812369,3bdce947-8063-5c05-b629-2e935c59c3ed828a3c17-e808-59e7-ae4f-0d9963d423c8,USD,500.0,2,2023-08-21
48,202308210522984,3bdce947-8063-5c05-b629-2e935c59c3edded987b6-a26d-58f5-9530-496ba9a0887c,USD,250.0,1,2023-08-21
49,202308210135524,26418df5-ac17-5b5b-be60-a5c75cd0ebf09e086b4b-cc8c-5fce-93a1-18e17fda71d3,USD,1000.0,4,2023-08-21
50,202308210053874,19069907-7109-5d04-a28d-64566c90e1d219069907-7109-5d04-a28d-64566c90e1d2,USD,1100.0,5,2023-08-21
51,202308210366760,19069907-7109-5d04-a28d-64566c90e1d25d8917ef-f1f7-59b9-9d2f-e85aa43a3298,USD,660.0,3,2023-08-21
52,202308210343822,3d7845bc-b337-532b-99e1-6d8424863e2d3d7845bc-b337-532b-99e1-6d8424863e2d,USD,480.0,2,2023-08-21
53,202308210454674,9c69ede6-c92c-5b83-b2ac-9b4869a36501aa95add5-519b-5c7d-b633-b276d13a239f,USD,500.0,5,2023-08-21
54,202308210734405,9c69ede6-c92c-5b83-b2ac-9b4869a3650115f6e8af-2f4f-5b05-b311-7d16990d90b9,USD,500.0,5,2023-08-21
55,202308210834619,cd559baa-3615-5af4-b079-8f6c7d0844accd559baa-3615-5af4-b079-8f6c7d0844ac,USD,150.0,1,2023-08-21
56,202308210219648,cd559baa-3615-5af4-b079-8f6c7d0844acbdb56428-7201-585b-aa8b-5b344e9096d7,USD,600.0,4,2023-08-21
57,202308210586981,5419dec2-10c6-53ea-9141-26e607e681645419dec2-10c6-53ea-9141-26e607e68164,USD,560.0,4,2023-08-21
58,202308210078615,5419dec2-10c6-53ea-9141-26e607e681641a5d9064-0bfb-50b0-906b-d2ab85e18fd4,USD,140.0,1,2023-08-21
59,202308210537954,453fbb86-d2b5-534f-9c72-ac6ea3bf1dbb8cecb8f1-bda0-5db1-93b2-bb5c05071acb,USD,555.0,3,2023-08-21
60,202308210143817,453fbb86-d2b5-534f-9c72-ac6ea3bf1dbb7ad1fd98-5db2-5d81-98d9-69a2fda66d0c,USD,370.0,2,2023-08-21
61,202308210494117,0e9ecac2-281b-510c-b098-dc5cf5ba997beec64cd2-2dd1-5882-9608-4654c4721931,USD,169.94,2,2023-08-21
62,202308210857648,db6c3363-c170-5e6f-af98-ecde8549e1d1db6c3363-c170-5e6f-af98-ecde8549e1d1,USD,293.90999999999997,3,2023-08-21
63,202308210336538,db6c3363-c170-5e6f-af98-ecde8549e1d139ec31c5-4b6f-51b8-aa96-2e263e59dc14,USD,489.85,5,2023-08-21
64,202308210971127,db6c3363-c170-5e6f-af98-ecde8549e1d15574b054-16f3-5a55-8562-caa977e50ffc,USD,293.90999999999997,3,2023-08-21
65,202308210140310,db6c3363-c170-5e6f-af98-ecde8549e1d18d8c78d4-bd61-548f-b6f5-aef6f159c0b2,USD,195.94,2,2023-08-21
66,202308210687602,35c82d0a-aae9-5bd3-9f92-811fc9f1822735c82d0a-aae9-5bd3-9f92-811fc9f18227,USD,113.94,2,2023-08-21
67,202308210830232,35c82d0a-aae9-5bd3-9f92-811fc9f182277e4c1be0-88ec-5bd2-9f59-cff6cb62b6ea,USD,284.85,5,2023-08-21
68,202308210905235,53944fdb-5ac7-5f91-9001-dee4fc83ddf43ec3e2da-794b-5441-841e-fdc79c386a96,USD,480.0,4,2023-08-21
69,202308210747017,53944fdb-5ac7-5f91-9001-dee4fc83ddf4ab5acdcc-64bd-5588-93ea-e5a2328c96e3,USD,240.0,2,2023-08-21
70,202308210225381,53944fdb-5ac7-5f91-9001-dee4fc83ddf4da541db5-96e5-5b26-bd02-f4cb3e5dac3d,USD,120.0,1,2023-08-21
71,202308210474827,53944fdb-5ac7-5f91-9001-dee4fc83ddf4503c8ca2-dcd7-5713-aab8-f178693cde38,USD,480.0,4,2023-08-21
72,202308210040559,53944fdb-5ac7-5f91-9001-dee4fc83ddf4ec305475-0cd4-5cda-9781-d655ea2902c8,USD,600.0,5,2023-08-21
73,202308210047077,8a3e45fe-d339-53b0-8d09-f17304a41c667db5d26f-efc3-566b-95c6-25ae8808e9ba,USD,130.0,1,2023-08-21
74,202308210986311,8a3e45fe-d339-53b0-8d09-f17304a41c6697c4ae91-07ca-5aa6-aa86-e12b561a2e20,USD,390.0,3,2023-08-21
75,202308210411684,8a3e45fe-d339-53b0-8d09-f17304a41c66f2ef35ee-6c40-5cb9-96bb-3ae601eb9570,USD,390.0,3,2023-08-21
76,202308210537068,8a3e45fe-d339-53b0-8d09-f17304a41c66358de45a-ab01-5ce7-a02b-89f9ad91caf1,USD,260.0,2,2023-08-21
77,202308210731994,8a3e45fe-d339-53b0-8d09-f17304a41c66041b2703-adad-5a45-ae5f-01e90d83b442,USD,260.0,2,2023-08-21
78,202308210219543,8c1d3b0b-de36-524c-bce6-8773b164dea08c1d3b0b-de36-524c-bce6-8773b164dea0,USD,245.91,3,2023-08-21
79,202308210555740,8c1d3b0b-de36-524c-bce6-8773b164dea011cb7041-8358-50ac-bb01-9011897e5c6a,USD,409.85,5,2023-08-21
80,202308210261162,5cba7598-6d42-5009-bef3-205605fba8ba60cfcfab-160a-5685-ad13-f6470f8b567c,USD,225.0,3,2023-08-21
81,202308210421073,5cba7598-6d42-5009-bef3-205605fba8ba8d3f2d13-9022-59b7-9ca6-4c6fc337d08b,USD,375.0,5,2023-08-21
82,202308210030215,5cba7598-6d42-5009-bef3-205605fba8bac48d3a2d-c4e1-5adc-9e81-7eed5963739d,USD,225.0,3,2023-08-21
83,202308210285313,5cba7598-6d42-5009-bef3-205605fba8ba45ca282c-cdc0-593b-87f3-118897c36239,USD,225.0,3,2023-08-21
84,202308210494410,6ae4334a-59ca-552b-9a6c-c7003bcfeaea6ae4334a-59ca-552b-9a6c-c7003bcfeaea,USD,242.91,3,2023-08-21
85,202308210330449,6ae4334a-59ca-552b-9a6c-c7003bcfeaeadfe25e18-9ca9-50d7-ad53-efe8ee5367f1,USD,161.94,2,2023-08-21
86,202308210005412,46338d5f-4ca8-52e7-8a78-c76cc2f8446646338d5f-4ca8-52e7-8a78-c76cc2f84466,USD,271.88,4,2023-08-21
87,202308210100961,46338d5f-4ca8-52e7-8a78-c76cc2f844661c7b29a8-f47e-508e-9469-b1e6e5080939,USD,271.88,4,2023-08-21
88,202308210289932,46338d5f-4ca8-52e7-8a78-c76cc2f8446688a8da6f-8272-5139-9ce5-838351144c88,USD,271.88,4,2023-08-21
89,202308210867927,46338d5f-4ca8-52e7-8a78-c76cc2f844660c428731-8723-50b9-9f85-638469ea5f05,USD,67.97,1,2023-08-21
90,202308210039290,46338d5f-4ca8-52e7-8a78-c76cc2f84466a9ecc2a2-6168-57df-a6cb-ffe4b56917f4,USD,135.94,2,2023-08-21
91,202308210272365,46338d5f-4ca8-52e7-8a78-c76cc2f844669aab0d7a-445f-510c-9283-9e94507be630,USD,203.91,3,2023-08-21
92,202308210440130,b48adade-2459-5457-9e36-780fabef1a83b48adade-2459-5457-9e36-780fabef1a83,USD,150.0,1,2023-08-21
93,202308210872824,6750bb83-7aee-5d70-ba59-77e0141b30745f4041d0-61d7-5cd2-aa1e-1b25063a533b,USD,320.0,2,2023-08-21
94,202308210922383,6750bb83-7aee-5d70-ba59-77e0141b3074f24d79e6-abed-5685-b3b0-43df9c5d8777,USD,640.0,4,2023-08-21
95,202308210693597,6750bb83-7aee-5d70-ba59-77e0141b307460bba2ff-3dc8-5b3e-8941-0903aef25b24,USD,480.0,3,2023-08-21
96,202308210496089,2455db62-5f2f-5597-b785-ec41cafc3f43e0c37906-498d-5545-a506-434c7cb5cd83,USD,160.0,1,2023-08-21
97,202308210666357,2455db62-5f2f-5597-b785-ec41cafc3f43f3a4479e-0051-5787-af2d-8a8596f105a8,USD,480.0,3,2023-08-21
98,202308210523316,2455db62-5f2f-5597-b785-ec41cafc3f432f7457cd-db03-57fb-a5ad-dd8deb85d011,USD,320.0,2,2023-08-21
99,202308210975785,b3470e10-8ae1-518f-9e9b-e4c8bd34181bb3470e10-8ae1-518f-9e9b-e4c8bd34181b,USD,600.0,5,2023-08-21
100,202308210850552,b3470e10-8ae1-518f-9e9b-e4c8bd34181b3b673002-02ab-5891-b673-720b7b31ccdc,USD,360.0,3,2023-08-21
101,202308210820340,b3470e10-8ae1-518f-9e9b-e4c8bd34181b7c8e90f9-78ea-575f-9605-c88cfcf4fbd0,USD,120.0,1,2023-08-21
102,202308210704000,b3470e10-8ae1-518f-9e9b-e4c8bd34181b55642be6-7d2d-54fe-8067-16eef0fc34bb,USD,240.0,2,2023-08-21
103,202308210446505,b3470e10-8ae1-518f-9e9b-e4c8bd34181b85d943cb-2589-576d-b5c0-32b2d002818f,USD,120.0,1,2023-08-21
104,202308210319347,934ae0f4-bb7d-528d-980b-48b7b03b8ce4934ae0f4-bb7d-528d-980b-48b7b03b8ce4,USD,600.0,5,2023-08-21
105,202308210634362,934ae0f4-bb7d-528d-980b-48b7b03b8ce41fda6d50-ff5c-512f-b155-5cca0ef76f09,USD,600.0,5,2023-08-21
106,202308210654074,934ae0f4-bb7d-528d-980b-48b7b03b8ce4a9dbd74c-6e6e-5e43-8ccd-901b52b875c9,USD,240.0,2,2023-08-21
107,202308210523037,492fefa9-b195-5216-be8e-3245d67d2523fcb9600c-0b11-593d-9299-200003ee803c,USD,280.0,2,2023-08-21
108,202308210507335,492fefa9-b195-5216-be8e-3245d67d2523fd70d1e1-f4ad-5e86-93c7-37330ac69e84,USD,700.0,5,2023-08-21
109,202308210235715,b480f4bb-db43-5500-88b3-979b9dbcadb4b480f4bb-db43-5500-88b3-979b9dbcadb4,USD,560.0,4,2023-08-21
110,202308210898791,b480f4bb-db43-5500-88b3-979b9dbcadb4e3946114-ca8e-5aff-a99f-d92e64287ff7,USD,700.0,5,2023-08-21
111,202308210426895,b480f4bb-db43-5500-88b3-979b9dbcadb4fb359376-4622-51de-9bf7-5f833ecd239c,USD,140.0,1,2023-08-21
112,202308210234588,b480f4bb-db43-5500-88b3-979b9dbcadb4698504e8-99d3-5f82-a327-94f403941d41,USD,560.0,4,2023-08-21
113,202308210963335,b480f4bb-db43-5500-88b3-979b9dbcadb45abac3aa-b582-584c-b9a1-1ce18b7f1a83,USD,700.0,5,2023-08-21
114,202308210442172,f7f230ad-a37d-58de-8d3c-1228c4bc416ff7f230ad-a37d-58de-8d3c-1228c4bc416f,USD,500.0,4,2023-08-21
115,202308210514965,f7f230ad-a37d-58de-8d3c-1228c4bc416f87178b14-b841-5455-8acf-8f661ecb8d5e,USD,500.0,4,2023-08-21
116,202308210522812,f7f230ad-a37d-58de-8d3c-1228c4bc416f8f81dec3-31f5-509b-87a8-62d6f338f84f,USD,375.0,3,2023-08-21
117,202308210360455,f7f230ad-a37d-58de-8d3c-1228c4bc416f3acdecf5-62b1-5643-81b8-18ea265a8454,USD,625.0,5,2023-08-21
118,202308210662657,f7f230ad-a37d-58de-8d3c-1228c4bc416f554ebb4a-72dc-5079-a55f-458f1d07973e,USD,500.0,4,2023-08-21
119,202308210467302,8a4ecc66-2b3a-587c-9495-5c87df8e10b58a4ecc66-2b3a-587c-9495-5c87df8e10b5,USD,400.0,2,2023-08-21
120,202308210749498,8a4ecc66-2b3a-587c-9495-5c87df8e10b579bdaca9-5642-567a-902c-a9edbb6335e2,USD,600.0,3,2023-08-21
121,202308210462500,8a4ecc66-2b3a-587c-9495-5c87df8e10b5ffe57fa6-4b51-5c40-b2c2-5a09e3e44047,USD,400.0,2,2023-08-21
122,202308210553260,8a4ecc66-2b3a-587c-9495-5c87df8e10b5e8f6c909-80a8-5bce-a5fc-5695d645f60d,USD,600.0,3,2023-08-21
123,202308210019490,cffae56b-6d33-5f6a-88e4-66a02dc7d9e9cffae56b-6d33-5f6a-88e4-66a02dc7d9e9,USD,600.0,4,2023-08-21
124,202308210804700,b31a6345-3ec8-58ed-acf7-c640297d9e6eb31a6345-3ec8-58ed-acf7-c640297d9e6e,USD,300.0,2,2023-08-21
125,202308210054495,1b3fc7c0-ebc8-53e0-bf60-29a137f0317d1b3fc7c0-ebc8-53e0-bf60-29a137f0317d,USD,500.0,4,2023-08-21
126,202308210851594,1b3fc7c0-ebc8-53e0-bf60-29a137f0317d97a041ee-8877-57ff-848d-94aec020bc98,USD,125.0,1,2023-08-21
127,202308210682503,1b3fc7c0-ebc8-53e0-bf60-29a137f0317de121c795-65cc-593f-a69a-e2d7367ab4a0,USD,125.0,1,2023-08-21
128,202308210472561,c21abbc4-ef7f-5758-bd48-090ec6dfb317c21abbc4-ef7f-5758-bd48-090ec6dfb317,USD,400.0,2,2023-08-21
129,202308210179141,c21abbc4-ef7f-5758-bd48-090ec6dfb3176ba2d8d5-8ab5-555e-a552-5a23be4dac9c,USD,1000.0,5,2023-08-21
130,202308210108814,c21abbc4-ef7f-5758-bd48-090ec6dfb3177fe23177-9ec8-51a4-a796-83e58de83d20,USD,600.0,3,2023-08-21
131,202308210487495,c21abbc4-ef7f-5758-bd48-090ec6dfb31768d0b8dc-4a32-5483-a14a-d144dbda09eb,USD,800.0,4,2023-08-21
132,202308210990774,dba66518-331b-5a1f-9e52-43bb23fe1851dba66518-331b-5a1f-9e52-43bb23fe1851,USD,500.0,5,2023-08-21
133,202308210731706,dba66518-331b-5a1f-9e52-43bb23fe1851c4190889-3e60-5422-85f4-208b70805e98,USD,500.0,5,2023-08-21
134,202308210263198,dba66518-331b-5a1f-9e52-43bb23fe1851c4e1fff4-1df1-55da-ba8c-6a8f0fd908e6,USD,200.0,2,2023-08-21
135,202308210143648,1c0ceb9d-1a28-5b39-8ea9-9d3dc699616b910e237a-e8df-5139-bdca-b9b6d4c0ebe3,USD,500.0,5,2023-08-21
136,202308210237870,c748d72d-6678-561b-bcea-a089afda317dcb774777-b537-50a0-901e-663a879f07e8,USD,200.0,2,2023-08-21
137,202308210649733,c748d72d-6678-561b-bcea-a089afda317dce1b2f1c-7a43-5ada-a940-02b254789497,USD,200.0,2,2023-08-21
138,202308210977945,c748d72d-6678-561b-bcea-a089afda317daa8d62ae-64c1-5f71-8514-3231571e3362,USD,200.0,2,2023-08-21
139,202308210679524,c748d72d-6678-561b-bcea-a089afda317dec7eb01f-bb11-5ac9-886d-d2893b027cf6,USD,400.0,4,2023-08-21
140,202308210618582,81745ce2-6446-5bc2-8ddf-663636832e4b4ffe8811-f602-5cc7-a8cb-3cf7e118d031,USD,420.0,4,2023-08-21
141,202308210298547,039d5271-5f70-5c7b-80ef-6a989757886adf433f3c-cb4a-53fb-b5d4-89b4a64bee15,USD,80.0,1,2023-08-21
142,202308210712402,db6bfd5b-ff78-5dc7-8d82-330febd312d5db6bfd5b-ff78-5dc7-8d82-330febd312d5,USD,480.0,3,2023-08-21
143,202308210001278,db6bfd5b-ff78-5dc7-8d82-330febd312d58acfd161-beab-5628-b604-34d93110f5f3,USD,480.0,3,2023-08-21
144,202308210647525,db6bfd5b-ff78-5dc7-8d82-330febd312d538dedb9f-b8fd-5bb5-b931-31808b7b889f,USD,320.0,2,2023-08-21
145,202308210783453,db6bfd5b-ff78-5dc7-8d82-330febd312d59a135e52-b859-5437-80dd-cc600c6ce4fc,USD,160.0,1,2023-08-21
146,202308210844224,db6bfd5b-ff78-5dc7-8d82-330febd312d517254e6e-2440-5814-8e96-8dd287b6a338,USD,800.0,5,2023-08-21
147,202308210241741,db6bfd5b-ff78-5dc7-8d82-330febd312d54c54b791-eac5-5277-a242-65fa2a117e64,USD,320.0,2,2023-08-21
148,202308210375038,db6bfd5b-ff78-5dc7-8d82-330febd312d517df1142-66dd-59c1-af3e-8605c588f9cf,USD,160.0,1,2023-08-21
149,202308210161757,db6bfd5b-ff78-5dc7-8d82-330febd312d5ec9480bd-f08a-5ed6-815b-96f552dd755c,USD,320.0,2,2023-08-21
150,202308210230500,db6bfd5b-ff78-5dc7-8d82-330febd312d54772d031-067e-5573-8540-2cd708ce6077,USD,640.0,4,2023-08-21
151,202308210687823,769c5530-07d0-50db-b8c2-bb30ecdc812aed32a66a-826b-51c1-882f-dd65b29cd114,USD,400.0,2,2023-08-21
152,202308210697344,769c5530-07d0-50db-b8c2-bb30ecdc812a46e82d21-d028-55ba-9800-1b1edba66bec,USD,800.0,4,2023-08-21
153,202308210020360,da4794f6-becc-587d-a0e9-fa0e938e5f7d7d64985c-28ed-57d6-a8cd-cb5824eb2a9c,USD,510.0,3,2023-08-21
154,202308210319817,da4794f6-becc-587d-a0e9-fa0e938e5f7db9fb943a-2cdf-554a-81ce-b346c2a715b4,USD,510.0,3,2023-08-21
155,202308210805078,da4794f6-becc-587d-a0e9-fa0e938e5f7d9a6ac074-b857-5202-a91c-e5fb3d36f568,USD,680.0,4,2023-08-21
156,202308210394476,da4794f6-becc-587d-a0e9-fa0e938e5f7d18aca1d6-5f47-5299-b9f8-9e5967432cc3,USD,850.0,5,2023-08-21
157,202308210552201,d523f28c-9a8f-56a2-b24a-897d34362c294d7ef7d2-9278-5bbf-9b2a-3a516fab76d0,USD,720.0,4,2023-08-21
158,202308210483261,ea7cb5ec-8db6-5603-8c98-57fee5f471f4ea7cb5ec-8db6-5603-8c98-57fee5f471f4,USD,480.0,3,2023-08-21
159,202308210408261,5924317e-9b6f-5ef2-91d0-eefaaa8b1b995e1572f8-f1d0-5f6a-b18e-56a286c0239e,USD,200.0,2,2023-08-21
160,202308210247832,5924317e-9b6f-5ef2-91d0-eefaaa8b1b99ff215194-fb13-5c96-84b2-85185dd3834d,USD,200.0,2,2023-08-21
161,202308210637378,28d9b872-e278-5709-a0de-0491aad0aba228d9b872-e278-5709-a0de-0491aad0aba2,USD,155.0,1,2023-08-21
162,202308210694063,63b3cd69-69fb-5f40-b20d-81bb73921e1763b3cd69-69fb-5f40-b20d-81bb73921e17,USD,587.91,3,2023-08-21
163,202308210131040,134d2a95-89fd-5d80-87f4-2c0b9c56e992134d2a95-89fd-5d80-87f4-2c0b9c56e992,USD,460.0,2,2023-08-21
164,202308210099319,04a06168-4ca7-5122-9bd8-33b2ffb46c1604a06168-4ca7-5122-9bd8-33b2ffb46c16,USD,295.88,4,2023-08-21
165,202308210187793,31049291-dd06-55f2-a2bd-37977079a1c731049291-dd06-55f2-a2bd-37977079a1c7,USD,700.0,5,2023-08-21
166,202308210360518,f8ab36b4-b343-5aaa-9c73-f12c3d63fab8f8ab36b4-b343-5aaa-9c73-f12c3d63fab8,USD,510.0,3,2023-08-21
167,202308210752854,88da3760-7ca2-5ba4-9650-be0dae9d246b88da3760-7ca2-5ba4-9650-be0dae9d246b,USD,145.0,1,2023-08-21
168,202308210544424,a915f868-20b1-5c16-aec6-7cf234c215fea915f868-20b1-5c16-aec6-7cf234c215fe,USD,125.0,1,2023-08-21
169,202308210118614,7cd7d19d-abef-52d7-bdfa-9341a8f66a6e7cd7d19d-abef-52d7-bdfa-9341a8f66a6e,USD,165.0,1,2023-08-21
170,202308210546892,8e3d052b-a399-571d-ba72-91c4801821aa8e3d052b-a399-571d-ba72-91c4801821aa,USD,95.0,1,2023-08-21
171,202308210055869,500511ac-f71d-5f88-bb0a-4116d443e010500511ac-f71d-5f88-bb0a-4116d443e010,USD,340.0,2,2023-08-21
172,202308210038589,6ac0d6eb-3727-561b-8f43-f9cc8f53421e6ac0d6eb-3727-561b-8f43-f9cc8f53421e,USD,270.0,3,2023-08-21
173,202308210372619,6ac0d6eb-3727-561b-8f43-f9cc8f53421e2451ca05-73e7-5d85-92e9-c2432ad50c2f,USD,90.0,1,2023-08-21
174,202308210923455,6ac0d6eb-3727-561b-8f43-f9cc8f53421e790135fe-7e29-577f-bb3a-ea695e3b051c,USD,360.0,4,2023-08-21
175,202308210335981,6ac0d6eb-3727-561b-8f43-f9cc8f53421e0a79163a-f652-572f-b0d6-e87105b533d2,USD,180.0,2,2023-08-21
176,202308210741837,6ac0d6eb-3727-561b-8f43-f9cc8f53421e24512b7b-1664-56e1-9570-8f50c5ea268e,USD,450.0,5,2023-08-21
177,202308210470001,6ac0d6eb-3727-561b-8f43-f9cc8f53421ea074ba36-4e49-5822-9d2f-441b69e07cea,USD,270.0,3,2023-08-21
178,202308210819630,a18e99fe-1397-5648-85fb-58c079b0d3efa18e99fe-1397-5648-85fb-58c079b0d3ef,USD,330.0,3,2023-08-21
179,202308210852955,a18e99fe-1397-5648-85fb-58c079b0d3ef79731f6f-bc2f-5d9a-98c3-68ee0d57c768,USD,550.0,5,2023-08-21
180,202308210438077,a18e99fe-1397-5648-85fb-58c079b0d3ef4d44b108-2703-5d4b-8a7e-db91f17fc2d4,USD,550.0,5,2023-08-21
181,202308210805935,c0db09bc-790d-59a7-b9aa-c6e2c38eacb7c0db09bc-790d-59a7-b9aa-c6e2c38eacb7,USD,340.0,4,2023-08-21
182,202308210686503,c0db09bc-790d-59a7-b9aa-c6e2c38eacb7f751b6e1-2131-52cf-91b6-5d7acbe48713,USD,85.0,1,2023-08-21
183,202308210741853,c745db5f-0dec-5b97-96e3-47602585980dc745db5f-0dec-5b97-96e3-47602585980d,USD,190.0,2,2023-08-21
184,202308210221060,c745db5f-0dec-5b97-96e3-47602585980d14db5e78-256a-51e5-a4a7-db3d964c2c06,USD,475.0,5,2023-08-21
185,202308210439730,c745db5f-0dec-5b97-96e3-47602585980d6875981a-14a4-5b36-87e6-5212a1460c86,USD,95.0,1,2023-08-21
186,202308210199716,4a23d62d-d7cc-5f70-9cc9-fea422848c6103f26b63-bae8-5cd6-9192-1af2e7326436,USD,280.0,4,2023-08-21
187,202308210820757,4a23d62d-d7cc-5f70-9cc9-fea422848c61d1e2398d-f3d9-5fd1-aded-c72f63a96368,USD,280.0,4,2023-08-21
188,202308210101055,dc83d0e4-dd07-507e-90ef-d13009c35762dc83d0e4-dd07-507e-90ef-d13009c35762,USD,600.0,4,2023-08-21
189,202308210599882,dc83d0e4-dd07-507e-90ef-d13009c35762617d29fe-41ce-5131-85ef-8b40cc5b7db6,USD,750.0,5,2023-08-21
190,202308210970792,dc83d0e4-dd07-507e-90ef-d13009c35762bc31aa0c-564f-502d-96bc-26f2f11ec07b,USD,150.0,1,2023-08-21
191,202308210846962,bc1b2cb3-506b-5602-a01e-50c00c4773fd0d8f1bd8-7b2a-5928-90ae-27ed06a87c53,USD,140.0,1,2023-08-21
192,202308210483170,11580fed-69d1-5b0d-b07e-2c613535b4a9882794ef-68cf-5549-9026-ef6a205a997c,USD,90.0,1,2023-08-21
193,202308210804886,11580fed-69d1-5b0d-b07e-2c613535b4a9f7812861-6f9c-5793-994b-4aee46e673ff,USD,180.0,2,2023-08-21
194,202308210426824,79da361e-05be-5ceb-9388-1537b3b07b7c79da361e-05be-5ceb-9388-1537b3b07b7c,USD,450.0,3,2023-08-21
195,202308210431607,1b086c55-ad73-5f11-ba4a-8d05e7d1659daa6b44a9-7f6f-51ec-9762-638002c00660,USD,1100.0,4,2023-08-21
196,202308210024444,4c6fc0ae-2d47-55ee-86a7-a83d190811203638b860-5745-5254-a174-5bd9a67128b7,USD,250.0,1,2023-08-21
197,202308210458901,5de2cb01-bae1-54b5-94db-bb02138916336d1fcbc2-19b2-5047-93c5-913ee6b5d922,USD,825.0,3,2023-08-21
198,202308210987059,5de2cb01-bae1-54b5-94db-bb02138916332fe89621-96c1-5765-8803-a754c58471c6,USD,275.0,1,2023-08-21
199,202308210357110,13eb1318-84fd-557b-a933-edf28bacef1097cf6294-3238-53ec-a01f-8bdd6c218058,USD,500.0,2,2023-08-21
200,202308210533660,13eb1318-84fd-557b-a933-edf28bacef100ae05ffe-0793-5dd8-a45e-52f475e54261,USD,1000.0,4,2023-08-21
201,202308210257653,13eb1318-84fd-557b-a933-edf28bacef10bbd86387-cb18-552b-82d0-8a0a40801738,USD,500.0,2,2023-08-21
202,202308210159937,be44aae5-a13a-528c-b051-7a4da383224cbe44aae5-a13a-528c-b051-7a4da383224c,USD,120.0,1,2023-08-21
203,202308210117993,3de5b729-917c-59cb-8488-0872b1fb3a33e8fb7c3e-e27d-5a29-8c59-5dbc97f95715,USD,480.0,3,2023-08-21
204,202308210394794,3de5b729-917c-59cb-8488-0872b1fb3a33d8fb558c-0067-59d3-a95c-da835a158bbd,USD,640.0,4,2023-08-21
205,202308210130683,d9fa37a0-3061-5bef-8af8-86f76cb2bdf3d9fa37a0-3061-5bef-8af8-86f76cb2bdf3,USD,500.0,5,2023-08-21
206,202308210617503,965932da-e377-546c-bbb4-252792e765f78df0d5f9-bb2d-5dda-bf4e-c006e48e6a26,USD,169.94,2,2023-08-21
207,202308210808658,965932da-e377-546c-bbb4-252792e765f7eec64cd2-2dd1-5882-9608-4654c4721931,USD,169.94,2,2023-08-21
208,202308210150496,e6769933-5384-5ace-9bdf-ac92ac438e11e6769933-5384-5ace-9bdf-ac92ac438e11,USD,450.0,3,2023-08-21
209,202308210887962,e6769933-5384-5ace-9bdf-ac92ac438e11dcea5ad3-da6a-548d-a7d3-a1003d63d2fc,USD,150.0,1,2023-08-21
210,202308210134499,15497587-71cd-50cf-8eba-bbbf79b301f815497587-71cd-50cf-8eba-bbbf79b301f8,USD,600.0,5,2023-08-21
211,202308210511295,15497587-71cd-50cf-8eba-bbbf79b301f8ecf6eada-ffaf-5d6b-a5a1-c5be0021fd5f,USD,120.0,1,2023-08-21
212,202308210531941,15497587-71cd-50cf-8eba-bbbf79b301f8ca4b9022-aaaf-5956-bfd5-fb9efdc99402,USD,480.0,4,2023-08-21
213,202308210947498,60daf6dd-4778-55d3-b6aa-58f1cb986bb3cf3d36fb-4bee-5f49-b557-ed147f6575ac,USD,600.0,4,2023-08-21
214,202308210195596,60daf6dd-4778-55d3-b6aa-58f1cb986bb322896d7f-e337-54ce-b7ff-153773d9fff6,USD,750.0,5,2023-08-21
215,202308210750217,60daf6dd-4778-55d3-b6aa-58f1cb986bb3f1adcb81-03d2-54d1-b51f-b488675a3864,USD,600.0,4,2023-08-21
216,202308210884614,b0097553-185d-5401-8138-f50ca09dc0f4656fd0a9-af26-58b2-ab22-1b37a9e547c1,USD,263.88,4,2023-08-21
217,202308210767382,ee4505e4-bc10-5d95-8d19-b8eba74c21e3ee4505e4-bc10-5d95-8d19-b8eba74c21e3,USD,319.88,4,2023-08-21
218,202308210779960,f803062c-b619-5a7e-addb-756ad0ae59e9f803062c-b619-5a7e-addb-756ad0ae59e9,USD,65.0,1,2023-08-21
219,202308210561842,02d802da-c92d-5e28-b8d8-2b428135226f1a8e30da-9e0b-5b57-b1db-9ee53b98a1b1,USD,160.0,2,2023-08-21
220,202308210243831,ec3c39df-06ea-5cf0-aa45-f776888ab794ec3c39df-06ea-5cf0-aa45-f776888ab794,USD,284.85,5,2023-08-21
221,202308210864423,ec3c39df-06ea-5cf0-aa45-f776888ab79435c82d0a-aae9-5bd3-9f92-811fc9f18227,USD,284.85,5,2023-08-21
222,202308210986006,ec3c39df-06ea-5cf0-aa45-f776888ab7947e4c1be0-88ec-5bd2-9f59-cff6cb62b6ea,USD,113.94,2,2023-08-21
223,202308210391892,68a3b017-05eb-5f8f-bd6f-767d8c7097b31914b9c4-6789-5bf2-8f57-e8f039fdfdba,USD,327.88,4,2023-08-21
224,202308210346079,776f9115-fa33-5cdb-a5fa-0e6386957a08a7e083f2-11d7-5f74-8e4b-34c84deb299f,USD,675.0,5,2023-08-21
225,202308210341110,84f3433a-4290-5b9c-b469-4e7b4b41b0b184f3433a-4290-5b9c-b469-4e7b4b41b0b1,USD,115.0,1,2023-08-21
226,202308210714495,d3d13bd0-8a63-5a47-ab42-94d19ff3d4aed3d13bd0-8a63-5a47-ab42-94d19ff3d4ae,USD,270.0,3,2023-08-21
227,202308210242933,d3d13bd0-8a63-5a47-ab42-94d19ff3d4ae11e0de87-c5f6-51d0-9760-ba30a04d3e4f,USD,360.0,4,2023-08-21
228,202308210500972,6bdec34d-afd5-508e-b2b8-7abf2037d0d312fbb423-c3de-5688-b4b7-a3db7aa0d520,USD,120.0,2,2023-08-21
229,202308210407736,66763306-4f7d-5b26-8f9e-923c38ae84fe66763306-4f7d-5b26-8f9e-923c38ae84fe,USD,110.0,2,2023-08-21
230,202308210444886,66763306-4f7d-5b26-8f9e-923c38ae84feec9b5428-f113-5b92-b12d-b48b069e9134,USD,220.0,4,2023-08-21
231,202308210018653,66763306-4f7d-5b26-8f9e-923c38ae84fe1de07176-64b0-5cf2-86ac-1213ac50224d,USD,165.0,3,2023-08-21
232,202308210336096,66763306-4f7d-5b26-8f9e-923c38ae84fee0721097-0938-5a7d-a5ad-705ef391c7c7,USD,165.0,3,2023-08-21
233,202308210393545,cbb8f0c7-25a5-55c2-b56e-6d50cbd1c64acbb8f0c7-25a5-55c2-b56e-6d50cbd1c64a,USD,260.0,2,2023-08-21
234,202308210354215,cbb8f0c7-25a5-55c2-b56e-6d50cbd1c64a46e7f2be-9361-59d8-b5a4-e5296cb030ae,USD,650.0,5,2023-08-21
235,202308210604679,cbb8f0c7-25a5-55c2-b56e-6d50cbd1c64a0fbd74b8-20ff-59ee-8461-4edf7e4f01d9,USD,130.0,1,2023-08-21
236,202308210331424,cbb8f0c7-25a5-55c2-b56e-6d50cbd1c64ab38eefc6-5aed-5ed5-b285-0d8c99af7411,USD,650.0,5,2023-08-21
237,202308210866649,410b5470-408e-50fa-aaef-f3b6679f0b1e410b5470-408e-50fa-aaef-f3b6679f0b1e,USD,210.0,3,2023-08-21
238,202308210006834,8007c1dd-8d69-5634-a374-4c63adb005cb8007c1dd-8d69-5634-a374-4c63adb005cb,USD,440.0,4,2023-08-21
239,202308210179883,4491b5e7-d9be-586e-9c56-4c7a50af4c744491b5e7-d9be-586e-9c56-4c7a50af4c74,USD,500.0,5,2023-08-21
240,202308210892057,bb5d7e64-59d5-57e9-b2af-7e5ca5ed83bdbb5d7e64-59d5-57e9-b2af-7e5ca5ed83bd,USD,120.0,1,2023-08-21
241,202308210284785,924883d2-4949-59a1-a43a-d8a116be6a3a6a45ac32-1629-5b8b-9276-b73d07cf92d3,USD,500.0,4,2023-08-21
242,202308210418073,089d772b-9c21-55c9-8ac2-aca8838373f0089d772b-9c21-55c9-8ac2-aca8838373f0,USD,110.0,1,2023-08-21
243,202308210468067,089d772b-9c21-55c9-8ac2-aca8838373f08b106ed8-979e-5523-a9ad-309b8a73b10d,USD,220.0,2,2023-08-21
244,202308210447405,ac581006-ce50-5ed5-b68d-06334d8870fd28984265-4c4c-5119-8509-4092518ae8a7,USD,350.0,5,2023-08-21
245,202308210826782,ac581006-ce50-5ed5-b68d-06334d8870fd590c857c-25d1-50fd-a6df-c37caeb56f14,USD,350.0,5,2023-08-21
246,202308210899988,ac581006-ce50-5ed5-b68d-06334d8870fd6c189910-baee-5d47-9560-e83629524ce5,USD,210.0,3,2023-08-21
247,202308210097189,77f43fee-e686-5631-a918-e5b05ea017a177f43fee-e686-5631-a918-e5b05ea017a1,USD,350.0,2,2023-08-21
248,202308210847008,77f43fee-e686-5631-a918-e5b05ea017a1765048f9-f1ed-5095-89c7-81bf7d9d4c9e,USD,875.0,5,2023-08-21
249,202308210588232,77f43fee-e686-5631-a918-e5b05ea017a1cbc724e8-98b7-5ab4-87a4-cec7c37a13bc,USD,700.0,4,2023-08-21
250,202308210101825,77f43fee-e686-5631-a918-e5b05ea017a105ae1d63-7f44-5f99-8a6c-4bc64027d3b5,USD,175.0,1,2023-08-21
251,202308210406705,77f43fee-e686-5631-a918-e5b05ea017a11e58097f-4a9d-5871-902f-5931fd65eda5,USD,350.0,2,2023-08-21
252,202308210487655,77f43fee-e686-5631-a918-e5b05ea017a1b4f26566-fd1b-57f3-b0c5-933cbd6dcd3b,USD,700.0,4,2023-08-21
253,202308210232802,438b1d88-1eb1-5d29-9eb0-27f9e263cf21438b1d88-1eb1-5d29-9eb0-27f9e263cf21,USD,250.0,2,2023-08-21
254,202308210283949,438b1d88-1eb1-5d29-9eb0-27f9e263cf21cfa6888d-4dfb-5f5c-bbb5-431bb3868006,USD,250.0,2,2023-08-21
255,202308210122970,55f75d72-12ff-5349-9043-010a1300981a55f75d72-12ff-5349-9043-010a1300981a,USD,170.0,2,2023-08-21
256,202308210403879,55f75d72-12ff-5349-9043-010a1300981a9f52b162-d6aa-5a48-a443-7d40d8b61389,USD,255.0,3,2023-08-21
257,202308210572917,55f75d72-12ff-5349-9043-010a1300981aab02153e-53f3-5843-9e38-ecce1c79ba6c,USD,255.0,3,2023-08-21
258,202308210955460,1b8dd193-eab4-5a9e-8b15-08fc062e868f1b8dd193-eab4-5a9e-8b15-08fc062e868f,USD,420.0,4,2023-08-21
259,202308210808404,1b8dd193-eab4-5a9e-8b15-08fc062e868ff7d40285-1256-5544-85f6-c3f57947e5f1,USD,315.0,3,2023-08-21
260,202308210794405,1b8dd193-eab4-5a9e-8b15-08fc062e868fbdea85b6-7b16-56aa-96f7-fe6ee247d64f,USD,210.0,2,2023-08-21
261,202308210758052,89d1ecaa-bd8d-5852-a053-441b37cd424089d1ecaa-bd8d-5852-a053-441b37cd4240,USD,550.0,5,2023-08-21
262,202308210117490,89d1ecaa-bd8d-5852-a053-441b37cd42400ecb94b8-b1fc-51df-ab72-9ba258840365,USD,440.0,4,2023-08-21
263,202308210925014,89d1ecaa-bd8d-5852-a053-441b37cd4240d80baca1-d20f-5cda-a949-102964836fd4,USD,110.0,1,2023-08-21
264,202308210874925,89d1ecaa-bd8d-5852-a053-441b37cd4240ba47dab2-2675-58cc-9ac4-0de90da4c770,USD,440.0,4,2023-08-21
265,202308210175634,6fb57014-9abd-58e0-b58f-e8462e737bb7300d9746-4612-5147-b5de-066f8a0c9700,USD,260.0,2,2023-08-21
266,202308210869851,8801985a-8ea1-59cf-9026-770fff39bac38801985a-8ea1-59cf-9026-770fff39bac3,USD,180.0,2,2023-08-21
267,202308210174904,8801985a-8ea1-59cf-9026-770fff39bac3cbcc8075-a568-52d8-982e-7b0951429617,USD,270.0,3,2023-08-21
268,202308210644369,2e8dfe2a-50c9-54e1-a96f-1ac79bf9a2972e8dfe2a-50c9-54e1-a96f-1ac79bf9a297,USD,110.0,1,2023-08-21
269,202308210381024,a39daaad-bd7f-5326-a4ac-947543407b15a39daaad-bd7f-5326-a4ac-947543407b15,USD,529.85,5,2023-08-21
270,202308210401737,091bbffc-606f-5f49-ba14-4f5254fb80af24822d33-70e4-5c4a-a5d4-7853e7c0bd1a,USD,160.0,1,2023-08-21
271,202308210523111,091bbffc-606f-5f49-ba14-4f5254fb80af84fbd3b1-e1ef-599d-85d9-bf2a8cec8123,USD,160.0,1,2023-08-21
272,202308210347059,091bbffc-606f-5f49-ba14-4f5254fb80af7bec6e71-e58c-52e5-a67d-dd4bdc3833ea,USD,320.0,2,2023-08-21
273,202308210835729,091bbffc-606f-5f49-ba14-4f5254fb80afbc7a4261-a668-534b-9877-e72634645e27,USD,800.0,5,2023-08-21
274,202308210973882,091bbffc-606f-5f49-ba14-4f5254fb80af5fdce279-0b45-5210-b0df-9710026a745b,USD,480.0,3,2023-08-21
275,202308210766057,091bbffc-606f-5f49-ba14-4f5254fb80af4ab991fa-db9f-588e-bb1f-69dc5d18df10,USD,800.0,5,2023-08-21
276,202308210257875,091bbffc-606f-5f49-ba14-4f5254fb80afc3792973-c279-5949-8fc2-63865d3c4cf7,USD,160.0,1,2023-08-21
277,202308210161961,091bbffc-606f-5f49-ba14-4f5254fb80af7c15d297-4fa5-53c0-a53f-43d6626dff3f,USD,800.0,5,2023-08-21
